load_fraction,fuel_rate_gal_per_h_per_kW_rated
0.0,0.0215
0.0033444816053511705,0.021717391304347824
0.006688963210702341,0.02193478260869565
0.010033444816053512,0.02215217391304348
0.013377926421404682,0.022369565217391304
0.016722408026755852,0.02258695652173913
0.020066889632107024,0.022804347826086955
0.023411371237458192,0.02302173913043478
0.026755852842809364,0.023239130434782606
0.030100334448160536,0.02345652173913043
0.033444816053511704,0.02367391304347826
0.03678929765886287,0.023891304347826086
0.04013377926421405,0.02410869565217391
0.043478260869565216,0.024326086956521737
0.046822742474916385,0.024543478260869563
0.05016722408026756,0.02476086956521739
0.05351170568561873,0.024978260869565217
0.056856187290969896,0.025195652173913043
0.06020066889632107,0.025413043478260868
0.06354515050167224,0.025630434782608694
0.06688963210702341,0.02584782608695652
0.07023411371237458,0.026065217391304345
0.07357859531772575,0.026282608695652174
0.07692307692307693,0.0265
0.0802675585284281,0.026717391304347825
0.08361204013377926,0.02693478260869565
0.08695652173913043,0.027152173913043476
0.0903010033444816,0.0273695652173913
0.09364548494983277,0.027586956521739127
0.09698996655518395,0.027804347826086956
0.10033444816053512,0.02802173913043478
0.10367892976588629,0.028239130434782607
0.10702341137123746,0.028456521739130432
0.11036789297658862,0.028673913043478258
0.11371237458193979,0.028891304347826087
0.11705685618729096,0.02910869565217391
0.12040133779264214,0.029326086956521738
0.12374581939799331,0.029543478260869564
0.12709030100334448,0.02976086956521739
0.13043478260869565,0.029978260869565218
0.13377926421404682,0.03019565217391304
0.13712374581939799,0.03041304347826087
0.14046822742474915,0.03063043478260869
0.14381270903010032,0.03084782608695652
0.1471571906354515,0.031065217391304346
0.1505016722408027,0.03128260869565217
0.15384615384615385,0.0315
0.15719063545150502,0.03171739130434782
0.1605351170568562,0.03193478260869565
0.16387959866220736,0.03215217391304348
0.16722408026755853,0.0323695652173913
0.1705685618729097,0.03258695652173913
0.17391304347826086,0.03280434782608695
0.17725752508361203,0.03302173913043478
0.1806020066889632,0.033239130434782604
0.18394648829431437,0.03345652173913043
0.18729096989966554,0.03367391304347826
0.1906354515050167,0.033891304347826084
0.1939799331103679,0.034108695652173913
0.19732441471571907,0.03432608695652174
0.20066889632107024,0.034543478260869565
0.2040133779264214,0.03476086956521739
0.20735785953177258,0.034978260869565216
0.21070234113712374,0.035195652173913045
0.2140468227424749,0.03541304347826087
0.21739130434782608,0.035630434782608696
0.22073578595317725,0.03584782608695652
0.22408026755852842,0.03606521739130435
0.22742474916387959,0.03628260869565217
0.23076923076923075,0.0365
0.23411371237458192,0.03671739130434783
0.23745819397993312,0.03693478260869565
0.2408026755852843,0.03715217391304348
0.24414715719063546,0.03736956521739131
0.24749163879598662,0.03758695652173913
0.2508361204013378,0.03780434782608695
0.25418060200668896,0.03802173913043478
0.25752508361204013,0.03823913043478261
0.2608695652173913,0.03845652173913043
0.26421404682274247,0.03867391304347826
0.26755852842809363,0.03889130434782609
0.2709030100334448,0.03910869565217391
0.27424749163879597,0.03932608695652173
0.27759197324414714,0.03954347826086956
0.2809364548494983,0.03976086956521739
0.2842809364548495,0.03997826086956521
0.28762541806020064,0.04019565217391304
0.2909698996655518,0.04041304347826087
0.294314381270903,0.04063043478260869
0.29765886287625415,0.040847826086956515
0.3010033444816054,0.04106521739130435
0.30434782608695654,0.04128260869565217
0.3076923076923077,0.041499999999999995
0.3110367892976589,0.04171739130434783
0.31438127090301005,0.04193478260869565
0.3177257525083612,0.042152173913043475
0.3210702341137124,0.042369565217391304
0.32441471571906355,0.04258695652173913
0.3277591973244147,0.042804347826086955
0.3311036789297659,0.04302173913043478
0.33444816053511706,0.043239130434782606
0.3377926421404682,0.043456521739130435
0.3411371237458194,0.04367391304347826
0.34448160535117056,0.043891304347826086
0.34782608695652173,0.044108695652173915
0.3511705685618729,0.04432608695652174
0.35451505016722407,0.04454347826086956
0.35785953177257523,0.04476086956521739
0.3612040133779264,0.04497826086956522
0.36454849498327757,0.04519565217391304
0.36789297658862874,0.04541304347826087
0.3712374581939799,0.0456304347826087
0.3745819397993311,0.04584782608695652
0.37792642140468224,0.04606521739130434
0.3812709030100334,0.04628260869565217
0.3846153846153846,0.0465
0.3879598662207358,0.04671739130434782
0.391304347826087,0.04693478260869565
0.39464882943143814,0.04715217391304348
0.3979933110367893,0.0473695652173913
0.4013377926421405,0.04758695652173913
0.40468227424749165,0.04780434782608696
0.4080267558528428,0.04802173913043478
0.411371237458194,0.048239130434782604
0.41471571906354515,0.04845652173913043
0.4180602006688963,0.04867391304347826
0.4214046822742475,0.048891304347826084
0.42474916387959866,0.04910869565217391
0.4280936454849498,0.04932608695652174
0.431438127090301,0.049543478260869564
0.43478260869565216,0.049760869565217386
0.43812709030100333,0.049978260869565215
0.4414715719063545,0.050195652173913044
0.44481605351170567,0.050413043478260866
0.44816053511705684,0.050630434782608695
0.451505016722408,0.050847826086956524
0.45484949832775917,0.051065217391304346
0.45819397993311034,0.05128260869565217
0.4615384615384615,0.0515
0.4648829431438127,0.051717391304347826
0.46822742474916385,0.05193478260869565
0.47157190635451507,0.05215217391304348
0.47491638795986624,0.052369565217391306
0.4782608695652174,0.05258695652173913
0.4816053511705686,0.05280434782608696
0.48494983277591974,0.05302173913043478
0.4882943143812709,0.05323913043478261
0.4916387959866221,0.05345652173913044
0.49498327759197325,0.05367391304347826
0.4983277591973244,0.05389130434782609
0.5016722408026756,0.05410869565217391
0.5050167224080268,0.05432608695652174
0.5083612040133779,0.05454347826086956
0.5117056856187291,0.05476086956521739
0.5150501672240803,0.05497826086956522
0.5183946488294314,0.05519565217391304
0.5217391304347826,0.05541304347826087
0.5250836120401338,0.05563043478260869
0.5284280936454849,0.05584782608695652
0.5317725752508361,0.056065217391304344
0.5351170568561873,0.05628260869565217
0.5384615384615384,0.056499999999999995
0.5418060200668896,0.056717391304347824
0.5451505016722408,0.05693478260869565
0.5484949832775919,0.057152173913043475
0.5518394648829431,0.057369565217391304
0.5551839464882943,0.057586956521739126
0.5585284280936454,0.057804347826086955
0.5618729096989966,0.05802173913043478
0.5652173913043478,0.058239130434782606
0.568561872909699,0.058456521739130435
0.5719063545150501,0.05867391304347826
0.5752508361204013,0.058891304347826086
0.5785953177257525,0.05910869565217391
0.5819397993311036,0.05932608695652174
0.5852842809364548,0.05954347826086956
0.588628762541806,0.05976086956521739
0.5919732441471571,0.05997826086956521
0.5953177257525083,0.06019565217391304
0.5986622073578595,0.06041304347826087
0.6020066889632107,0.0606304347826087
0.6053511705685619,0.060847826086956526
0.6086956521739131,0.06106521739130435
0.6120401337792643,0.06128260869565218
0.6153846153846154,0.0615
0.6187290969899666,0.06171739130434783
0.6220735785953178,0.06193478260869566
0.6254180602006689,0.06215217391304348
0.6287625418060201,0.06236956521739131
0.6321070234113713,0.06258695652173912
0.6354515050167224,0.06280434782608696
0.6387959866220736,0.06302173913043478
0.6421404682274248,0.0632391304347826
0.6454849498327759,0.06345652173913044
0.6488294314381271,0.06367391304347826
0.6521739130434783,0.06389130434782608
0.6555183946488294,0.06410869565217392
0.6588628762541806,0.06432608695652174
0.6622073578595318,0.06454347826086956
0.6655518394648829,0.0647608695652174
0.6688963210702341,0.06497826086956521
0.6722408026755853,0.06519565217391304
0.6755852842809364,0.06541304347826087
0.6789297658862876,0.06563043478260869
0.6822742474916388,0.06584782608695652
0.68561872909699,0.06606521739130435
0.6889632107023411,0.06628260869565217
0.6923076923076923,0.0665
0.6956521739130435,0.06671739130434783
0.6989966555183946,0.06693478260869565
0.7023411371237458,0.06715217391304348
0.705685618729097,0.0673695652173913
0.7090301003344481,0.06758695652173913
0.7123745819397993,0.06780434782608696
0.7157190635451505,0.06802173913043477
0.7190635451505016,0.06823913043478261
0.7224080267558528,0.06845652173913043
0.725752508361204,0.06867391304347825
0.7290969899665551,0.06889130434782609
0.7324414715719063,0.06910869565217391
0.7357859531772575,0.06932608695652173
0.7391304347826086,0.06954347826086957
0.7424749163879598,0.06976086956521739
0.745819397993311,0.06997826086956521
0.7491638795986622,0.07019565217391305
0.7525083612040133,0.07041304347826086
0.7558528428093645,0.07063043478260869
0.7591973244147157,0.07084782608695653
0.7625418060200668,0.07106521739130434
0.765886287625418,0.07128260869565217
0.7692307692307692,0.0715
0.7725752508361204,0.07171739130434783
0.7759197324414716,0.07193478260869565
0.7792642140468228,0.07215217391304349
0.782608695652174,0.0723695652173913
0.7859531772575251,0.07258695652173913
0.7892976588628763,0.07280434782608697
0.7926421404682275,0.07302173913043478
0.7959866220735786,0.07323913043478261
0.7993311036789298,0.07345652173913043
0.802675585284281,0.07367391304347826
0.8060200668896321,0.07389130434782609
0.8093645484949833,0.07410869565217391
0.8127090301003345,0.07432608695652174
0.8160535117056856,0.07454347826086957
0.8193979933110368,0.0747608695652174
0.822742474916388,0.07497826086956522
0.8260869565217391,0.07519565217391305
0.8294314381270903,0.07541304347826086
0.8327759197324415,0.0756304347826087
0.8361204013377926,0.07584782608695652
0.8394648829431438,0.07606521739130434
0.842809364548495,0.07628260869565218
0.8461538461538461,0.0765
0.8494983277591973,0.07671739130434782
0.8528428093645485,0.07693478260869566
0.8561872909698997,0.07715217391304348
0.8595317725752508,0.0773695652173913
0.862876254180602,0.07758695652173914
0.8662207357859532,0.07780434782608696
0.8695652173913043,0.07802173913043478
0.8729096989966555,0.07823913043478262
0.8762541806020067,0.07845652173913042
0.8795986622073578,0.07867391304347826
0.882943143812709,0.07889130434782608
0.8862876254180602,0.0791086956521739
0.8896321070234113,0.07932608695652174
0.8929765886287625,0.07954347826086956
0.8963210702341137,0.07976086956521738
0.8996655518394648,0.07997826086956522
0.903010033444816,0.08019565217391304
0.9063545150501672,0.08041304347826086
0.9096989966555183,0.0806304347826087
0.9130434782608695,0.08084782608695651
0.9163879598662207,0.08106521739130435
0.9197324414715718,0.08128260869565217
0.923076923076923,0.08149999999999999
0.9264214046822742,0.08171739130434783
0.9297658862876254,0.08193478260869565
0.9331103678929765,0.08215217391304347
0.9364548494983277,0.0823695652173913
0.9397993311036789,0.08258695652173913
0.9431438127090301,0.08280434782608695
0.9464882943143813,0.08302173913043479
0.9498327759197325,0.08323913043478262
0.9531772575250836,0.08345652173913043
0.9565217391304348,0.08367391304347827
0.959866220735786,0.08389130434782609
0.9632107023411371,0.08410869565217391
0.9665551839464883,0.08432608695652175
0.9698996655518395,0.08454347826086955
0.9732441471571907,0.08476086956521739
0.9765886287625418,0.08497826086956523
0.979933110367893,0.08519565217391303
0.9832775919732442,0.08541304347826087
0.9866220735785953,0.0856304347826087
0.9899665551839465,0.08584782608695651
0.9933110367892977,0.08606521739130435
0.9966555183946488,0.08628260869565219
1.0,0.0865
